order_date,product,provider,order_count,revenue
2021-06-21,D,roadrunner,26,"1,789.90"
2021-06-21,D,micky_mouse,9,540.78
2021-06-21,A,micky_mouse,7,567.25
2021-06-21,A,roadrunner,8,666.5
2021-06-21,D,donald_duck,7,435.77
2021-06-21,A,donald_duck,4,282.25
2021-06-21,C,micky_mouse,8,485.25
2021-06-21,C,donald_duck,8,588.5
2021-06-21,C,roadrunner,22,"1,643.25"
2021-06-21,D,tom_jerry,5,67.5
2021-05-05,D,donald_duck,4,296.28
2021-05-05,D,roadrunner,12,843.21
2021-05-05,D,micky_mouse,7,510.79
2021-05-05,A,roadrunner,10,807.25
2021-05-05,C,donald_duck,5,289.75
2021-05-05,C,roadrunner,16,"1,011.50"
2021-05-05,A,micky_mouse,5,376.25
2021-05-05,C,micky_mouse,6,380
2021-05-05,B,tom_jerry,7,402.49
2021-05-05,B,roadrunner,1,14.5
2021-05-24,C,micky_mouse,12,797.5
2021-05-24,D,donald_duck,5,353.65
2021-05-24,D,roadrunner,9,567.69
2021-05-24,A,roadrunner,5,434
2021-05-24,B,tom_jerry,8,332
2021-05-24,C,roadrunner,11,614.75
2021-05-24,B,roadrunner,5,181.25
2021-05-24,D,micky_mouse,15,"1,117.70"
2021-05-24,A,donald_duck,5,373.25
2021-05-24,A,micky_mouse,14,"1,019.75"
2021-05-24,C,donald_duck,4,251.25
2021-06-25,A,micky_mouse,6,416.75
2021-06-25,A,roadrunner,7,570
2021-06-25,D,donald_duck,8,639.79
2021-06-25,D,roadrunner,18,"1,358.28"
2021-06-25,D,tom_jerry,16,423.25
2021-06-25,B,tom_jerry,9,387.35
2021-06-25,C,micky_mouse,8,490.19
2021-06-25,C,donald_duck,5,317.75
2021-06-25,C,roadrunner,15,903.25
2021-06-25,D,micky_mouse,4,305.45
2021-06-11,C,roadrunner,18,"1,089"
2021-06-11,A,roadrunner,8,605.5
2021-06-11,C,micky_mouse,4,257.75
2021-06-11,D,roadrunner,11,657.81
2021-06-11,C,donald_duck,5,365.5
2021-06-11,D,tom_jerry,14,255.25
2021-06-11,D,micky_mouse,6,276.07
2021-06-11,D,donald_duck,4,201.43
2021-06-11,A,donald_duck,4,300.25
2021-06-11,A,micky_mouse,5,347.5
2021-05-10,D,roadrunner,11,822.9
2021-05-10,D,donald_duck,4,253.66
2021-05-10,A,donald_duck,8,531.75
2021-05-10,A,roadrunner,18,"1,423.25"
2021-05-10,A,micky_mouse,12,805
2021-05-10,D,micky_mouse,7,519.47
2021-05-10,B,tom_jerry,6,240.38
2021-05-10,C,roadrunner,19,"1,213.25"
2021-05-10,C,donald_duck,7,383.5
2021-05-10,C,micky_mouse,7,432.75
2021-05-10,B,roadrunner,1,14.5
2021-06-26,A,micky_mouse,6,414
2021-06-26,A,roadrunner,6,521.5
2021-06-26,A,donald_duck,3,221.75
2021-06-26,D,roadrunner,14,804.75
2021-06-26,D,micky_mouse,5,170.32
2021-06-26,D,tom_jerry,5,107
2021-06-26,B,tom_jerry,7,273
2021-06-26,C,micky_mouse,6,440
2021-06-26,C,roadrunner,14,798.5
2021-06-26,D,donald_duck,2,218.28
2021-06-26,B,roadrunner,2,65.25
2021-05-14,D,roadrunner,8,677.15
2021-05-14,D,donald_duck,4,182.99
2021-05-14,D,micky_mouse,8,579.41
2021-05-14,A,roadrunner,8,694.75
2021-05-14,A,micky_mouse,6,396.75
2021-05-14,A,donald_duck,5,404.5
2021-05-14,C,donald_duck,5,292
2021-05-14,C,micky_mouse,11,702.75
2021-05-14,C,roadrunner,14,969.5
2021-05-14,B,tom_jerry,9,400
2021-05-14,B,roadrunner,0,7.25
2021-06-15,A,donald_duck,3,206.25
2021-06-15,A,roadrunner,8,682
2021-06-15,A,micky_mouse,6,490.25
2021-06-15,D,roadrunner,11,628.75
2021-06-15,C,micky_mouse,9,589.96
2021-06-15,C,roadrunner,13,719.75
2021-06-15,C,donald_duck,5,322
2021-06-15,D,micky_mouse,6,420.51
2021-06-15,D,donald_duck,2,156.97
2021-05-03,D,micky_mouse,9,742.79
2021-05-03,D,roadrunner,9,577.9
2021-05-03,A,micky_mouse,8,597.75
2021-05-03,A,roadrunner,9,680.5
2021-05-03,A,donald_duck,5,430
2021-05-03,B,tom_jerry,7,396.55
2021-05-03,C,donald_duck,4,265.5
2021-05-03,C,roadrunner,13,879.98
2021-05-03,C,micky_mouse,11,597.75
2021-05-03,B,roadrunner,2,79.75
2021-05-03,D,donald_duck,6,415.25
2021-05-13,D,donald_duck,4,338.87
2021-05-13,D,micky_mouse,3,176.66
2021-05-13,D,roadrunner,7,461.62
2021-05-13,A,micky_mouse,10,671
2021-05-13,C,micky_mouse,10,634.75
2021-05-13,A,roadrunner,14,"1,087"
2021-05-13,C,roadrunner,16,"1,036.25"
2021-05-13,A,donald_duck,8,610.75
2021-05-13,C,donald_duck,8,522.25
2021-05-13,B,tom_jerry,13,584.8
2021-05-13,B,roadrunner,1,43.5
2021-05-26,A,micky_mouse,9,694
2021-05-26,D,roadrunner,11,754.55
2021-05-26,A,roadrunner,15,"1,326.50"
2021-05-26,C,roadrunner,16,838.25
2021-05-26,D,donald_duck,3,227.76
2021-05-26,A,donald_duck,7,637.5
2021-05-26,D,micky_mouse,13,646.8
2021-05-26,B,tom_jerry,16,769.58
2021-05-26,C,micky_mouse,11,732.25
2021-05-26,C,donald_duck,5,350
2021-05-26,B,roadrunner,5,137.75
2021-06-17,C,roadrunner,20,"1,340.50"
2021-06-17,C,donald_duck,4,332.75
2021-06-17,D,roadrunner,8,469.04
2021-06-17,C,micky_mouse,6,442.5
2021-06-17,D,donald_duck,3,206.54
2021-06-17,A,donald_duck,4,261.5
2021-06-17,A,micky_mouse,6,410.75
2021-06-17,A,roadrunner,8,599.25
2021-06-17,D,micky_mouse,7,481.54
2021-06-17,D,tom_jerry,3,38.5
2021-06-05,D,micky_mouse,7,427.06
2021-06-05,A,micky_mouse,6,397
2021-06-05,A,donald_duck,1,86
2021-06-05,A,roadrunner,6,463
2021-06-05,D,donald_duck,3,217.75
2021-06-05,D,roadrunner,10,549.07
2021-06-05,C,micky_mouse,9,485.68
2021-06-05,C,donald_duck,4,248
2021-06-05,C,roadrunner,10,549.25
2021-06-04,D,roadrunner,8,838.16
2021-06-04,D,micky_mouse,6,334.61
2021-06-04,A,donald_duck,6,428.75
2021-06-04,A,roadrunner,8,713.5
2021-06-04,D,donald_duck,3,172.51
2021-06-04,A,micky_mouse,5,400
2021-06-04,C,micky_mouse,8,507.5
2021-06-04,C,roadrunner,21,"1,225.75"
2021-06-04,C,donald_duck,4,293.5
2021-05-18,D,roadrunner,9,918.24
2021-05-18,A,roadrunner,8,680.25
2021-05-18,A,donald_duck,5,352
2021-05-18,A,micky_mouse,10,671.75
2021-05-18,B,tom_jerry,7,374.3
2021-05-18,C,roadrunner,14,802
2021-05-18,C,micky_mouse,9,551.5
2021-05-18,B,roadrunner,1,21.75
2021-05-18,D,micky_mouse,8,477.06
2021-05-18,C,donald_duck,6,399.25
2021-06-13,A,roadrunner,5,353.75
2021-06-13,A,micky_mouse,5,359.25
2021-06-13,A,donald_duck,3,194.5
2021-06-13,D,roadrunner,9,727.92
2021-06-13,C,micky_mouse,8,523.75
2021-06-13,C,donald_duck,5,373.5
2021-06-13,C,roadrunner,11,724.25
2021-06-13,D,micky_mouse,5,265.5
2021-06-13,D,tom_jerry,3,47.25
2021-06-13,D,donald_duck,2,203.25
2021-05-25,D,roadrunner,12,646.8
2021-05-25,D,micky_mouse,12,735.73
2021-05-25,D,donald_duck,5,496.32
2021-05-25,A,micky_mouse,13,939
2021-05-25,A,donald_duck,14,"1,209.25"
2021-05-25,A,roadrunner,38,"3,498.75"
2021-05-25,C,micky_mouse,11,625
2021-05-25,C,roadrunner,20,"1,190.50"
2021-05-25,B,tom_jerry,12,565.25
2021-05-25,C,donald_duck,8,481
2021-05-25,B,roadrunner,3,108.75
2021-06-06,C,micky_mouse,5,326.5
2021-06-06,D,roadrunner,8,513.42
2021-06-06,C,roadrunner,13,671.25
2021-06-06,D,donald_duck,2,149.55
2021-06-06,D,micky_mouse,5,420.36
2021-05-22,B,tom_jerry,10,402.75
2021-05-22,C,roadrunner,14,786.25
2021-05-22,C,micky_mouse,7,382.75
2021-05-22,B,roadrunner,3,101.5
2021-05-22,D,micky_mouse,7,601.22
2021-05-22,D,donald_duck,4,273.29
2021-05-22,D,roadrunner,16,839.43
2021-05-22,C,donald_duck,4,228.75
2021-05-22,A,micky_mouse,8,483.5
2021-05-22,A,donald_duck,4,334.25
2021-05-22,A,roadrunner,5,435.75
2021-05-20,C,donald_duck,5,262
2021-05-20,C,roadrunner,17,"1,116.50"
2021-05-20,A,roadrunner,10,841.75
2021-05-20,D,roadrunner,20,"1,045.09"
2021-05-20,B,tom_jerry,6,269.25
2021-05-20,D,micky_mouse,9,499.19
2021-05-20,D,donald_duck,10,576.96
2021-05-20,C,micky_mouse,5,381.75
2021-05-20,A,micky_mouse,5,354.5
2021-05-20,A,donald_duck,4,306.5
2021-06-19,D,roadrunner,10,486.85
2021-06-19,D,micky_mouse,4,222.07
2021-06-19,A,roadrunner,4,362.75
2021-06-19,A,micky_mouse,4,310.5
2021-06-19,A,donald_duck,2,112.75
2021-06-19,C,micky_mouse,6,393
2021-06-19,C,donald_duck,3,168.25
2021-06-19,C,roadrunner,10,582.5
2021-06-19,D,donald_duck,4,286.83
2021-06-19,D,tom_jerry,6,81
2021-05-01,D,donald_duck,5,249.84
2021-05-01,D,micky_mouse,6,309.44
2021-05-01,A,micky_mouse,9,620.25
2021-05-01,A,donald_duck,3,239.75
2021-05-01,A,roadrunner,5,381.25
2021-05-01,D,roadrunner,9,500.48
2021-05-01,B,tom_jerry,4,211.25
2021-05-01,C,donald_duck,5,285
2021-05-01,C,micky_mouse,11,583.17
2021-05-01,B,roadrunner,1,29
2021-05-01,C,roadrunner,13,771.75
2021-05-11,D,micky_mouse,5,354.38
2021-05-11,A,donald_duck,4,301.75
2021-05-11,A,roadrunner,11,905.25
2021-05-11,A,micky_mouse,6,452
2021-05-11,D,roadrunner,8,452.64
2021-05-11,B,tom_jerry,8,342.25
2021-05-11,C,micky_mouse,6,345.25
2021-05-11,C,roadrunner,13,761.5
2021-05-11,C,donald_duck,5,323
2021-05-11,D,donald_duck,4,235.07
2021-05-11,B,roadrunner,2,94.25
2021-05-17,D,roadrunner,8,438.37
2021-05-17,D,micky_mouse,10,603.95
2021-05-17,D,donald_duck,4,233.54
2021-05-17,C,donald_duck,7,438
2021-05-17,C,roadrunner,28,"1,754.25"
2021-05-17,C,micky_mouse,10,605
2021-05-17,A,donald_duck,7,574.5
2021-05-17,A,micky_mouse,9,640.25
2021-05-17,A,roadrunner,7,572
2021-05-17,B,tom_jerry,9,361
2021-05-17,B,roadrunner,2,72.5
2021-05-12,D,micky_mouse,7,643.1
2021-05-12,D,roadrunner,10,611.68
2021-05-12,A,donald_duck,3,286.25
2021-05-12,D,donald_duck,4,298.51
2021-05-12,A,roadrunner,7,485.75
2021-05-12,B,tom_jerry,5,210.3
2021-05-12,C,roadrunner,9,604.25
2021-05-12,C,micky_mouse,7,453.25
2021-05-12,C,donald_duck,4,211.75
2021-05-12,B,roadrunner,1,36.25
2021-06-29,D,donald_duck,9,785.81
2021-06-29,D,roadrunner,22,"1,470.55"
2021-06-29,A,micky_mouse,7,509
2021-06-29,A,donald_duck,5,404.75
2021-06-29,A,roadrunner,13,"1,034.75"
2021-06-29,D,micky_mouse,9,484.93
2021-06-29,D,tom_jerry,17,430.05
2021-06-29,B,tom_jerry,7,246.8
2021-06-29,C,micky_mouse,7,431.75
2021-06-29,C,roadrunner,19,"1,221.95"
2021-06-29,C,donald_duck,6,421.5
2021-06-29,B,roadrunner,1,43.5
2021-06-02,D,donald_duck,5,387.36
2021-06-02,A,donald_duck,3,218.5
2021-06-02,A,roadrunner,9,736.5
2021-06-02,D,micky_mouse,10,808.53
2021-06-02,A,micky_mouse,5,334.25
2021-06-02,D,roadrunner,11,701.04
2021-06-02,B,tom_jerry,10,436.55
2021-06-02,C,micky_mouse,7,442.75
2021-06-02,C,donald_duck,6,299.25
2021-06-02,C,roadrunner,14,890.5
2021-05-19,A,micky_mouse,9,753.25
2021-05-19,A,donald_duck,4,300.5
2021-05-19,A,roadrunner,9,813.25
2021-05-19,D,roadrunner,10,539.62
2021-05-19,B,tom_jerry,7,332.75
2021-05-19,D,donald_duck,3,200.81
2021-05-19,C,micky_mouse,9,588.25
2021-05-19,C,roadrunner,12,760.25
2021-05-19,D,micky_mouse,8,537.62
2021-05-19,C,donald_duck,4,213.25
2021-06-01,A,micky_mouse,7,466.5
2021-06-01,A,roadrunner,11,932.75
2021-06-01,A,donald_duck,5,363.75
2021-06-01,D,micky_mouse,9,478.68
2021-06-01,D,roadrunner,10,713.65
2021-06-01,B,tom_jerry,10,427.25
2021-06-01,C,micky_mouse,9,556.25
2021-06-01,C,roadrunner,15,946
2021-06-01,C,donald_duck,7,499
2021-06-01,D,donald_duck,4,383.84
2021-06-30,D,micky_mouse,9,496.48
2021-06-30,D,roadrunner,21,"1,175.50"
2021-06-30,A,donald_duck,4,301
2021-06-30,A,micky_mouse,9,732.25
2021-06-30,A,roadrunner,11,903.75
2021-06-30,D,tom_jerry,6,137.25
2021-06-30,B,tom_jerry,24,"1,131.90"
2021-06-30,C,micky_mouse,8,495
2021-06-30,C,roadrunner,20,"1,326.25"
2021-06-30,C,donald_duck,8,557.75
2021-06-30,D,donald_duck,5,285.92
2021-06-30,B,roadrunner,4,137.75
2021-05-15,D,micky_mouse,6,406.93
2021-05-15,A,roadrunner,5,473.75
2021-05-15,A,donald_duck,3,190.75
2021-05-15,A,micky_mouse,7,447
2021-05-15,D,roadrunner,8,599.41
2021-05-15,B,tom_jerry,5,247.75
2021-05-15,C,donald_duck,4,207
2021-05-15,C,roadrunner,11,680.5
2021-05-15,C,micky_mouse,5,320.25
2021-05-15,D,donald_duck,2,118.95
2021-06-23,D,roadrunner,17,"1,021.79"
2021-06-23,D,micky_mouse,7,425.96
2021-06-23,D,tom_jerry,2,32.75
2021-06-23,C,roadrunner,16,"1,065"
2021-06-23,C,donald_duck,4,300
2021-06-23,A,micky_mouse,5,307
2021-06-23,A,roadrunner,9,736.25
2021-06-23,A,donald_duck,4,388.5
2021-06-23,D,donald_duck,2,195.51
2021-06-23,B,tom_jerry,5,233.75
2021-06-23,B,roadrunner,1,36.25
2021-06-23,C,micky_mouse,6,442.5
2021-06-08,A,micky_mouse,7,540.5
2021-06-08,A,roadrunner,6,476.75
2021-06-08,A,donald_duck,3,246.5
2021-06-08,D,roadrunner,9,498.04
2021-06-08,D,micky_mouse,9,548.14
2021-06-08,D,donald_duck,2,140.08
2021-06-08,C,micky_mouse,9,581
2021-06-08,C,roadrunner,17,"1,025.26"
2021-06-08,C,donald_duck,6,381.25
2021-06-08,D,tom_jerry,2,23.75
2021-05-02,D,micky_mouse,8,639.56
2021-05-02,A,micky_mouse,9,598
2021-05-02,A,roadrunner,7,634.25
2021-05-02,A,donald_duck,3,251.25
2021-05-02,B,tom_jerry,10,485.8
2021-05-02,C,donald_duck,7,424
2021-05-02,C,micky_mouse,12,703.5
2021-05-02,C,roadrunner,17,"1,144.75"
2021-05-02,B,roadrunner,2,50.75
2021-05-02,D,roadrunner,7,502.57
2021-05-30,C,roadrunner,15,871
2021-05-30,A,roadrunner,5,451.5
2021-05-30,B,tom_jerry,11,539
2021-05-30,C,micky_mouse,9,589.75
2021-05-30,C,donald_duck,5,324.75
2021-05-30,D,micky_mouse,9,719.7
2021-05-30,D,roadrunner,9,458.87
2021-05-30,A,micky_mouse,8,503.5
2021-05-30,A,donald_duck,4,306.25
2021-05-30,D,donald_duck,4,284.28
2021-06-27,D,roadrunner,19,"1,248.41"
2021-06-27,D,micky_mouse,8,505.09
2021-06-27,A,roadrunner,10,885.5
2021-06-27,A,donald_duck,3,259.5
2021-06-27,D,donald_duck,3,299.24
2021-06-27,D,tom_jerry,4,91.5
2021-06-27,B,tom_jerry,9,355.75
2021-06-27,A,micky_mouse,10,661.75
2021-06-27,C,micky_mouse,7,441.25
2021-06-27,C,donald_duck,5,280.25
2021-06-27,C,roadrunner,18,"1,147.50"
2021-06-27,B,roadrunner,2,43.5
2021-05-09,D,micky_mouse,6,332.72
2021-05-09,A,roadrunner,6,577.25
2021-05-09,A,micky_mouse,6,386
2021-05-09,A,donald_duck,2,156.25
2021-05-09,D,roadrunner,9,507.78
2021-05-09,D,donald_duck,3,175.02
2021-05-09,B,tom_jerry,5,217.75
2021-05-09,C,micky_mouse,5,272.5
2021-05-09,C,roadrunner,15,801.25
2021-05-09,B,roadrunner,2,58
2021-05-29,B,tom_jerry,12,510.75
2021-05-29,C,micky_mouse,5,304
2021-05-29,C,roadrunner,11,570.25
2021-05-29,C,donald_duck,4,219.25
2021-05-29,D,roadrunner,12,777.08
2021-05-29,D,micky_mouse,11,663.11
2021-05-29,D,donald_duck,4,295.08
2021-05-29,A,donald_duck,3,236.75
2021-05-29,A,micky_mouse,6,418.5
2021-05-29,A,roadrunner,9,682.5
2021-05-04,D,donald_duck,3,212.45
2021-05-04,A,roadrunner,10,869.75
2021-05-04,A,micky_mouse,9,671.75
2021-05-04,D,micky_mouse,5,329.18
2021-05-04,A,donald_duck,6,493.25
2021-05-04,D,roadrunner,11,894.95
2021-05-04,B,tom_jerry,5,254
2021-05-04,C,micky_mouse,12,735.75
2021-05-04,C,donald_duck,9,574.75
2021-05-04,C,roadrunner,14,811.5
2021-06-16,D,roadrunner,10,676.22
2021-06-16,C,micky_mouse,4,274.25
2021-06-16,C,roadrunner,18,"1,148.25"
2021-06-16,D,donald_duck,3,209.29
2021-06-16,D,tom_jerry,1,21.75
2021-06-16,D,micky_mouse,6,362.14
2021-06-16,A,roadrunner,8,599.5
2021-06-16,A,micky_mouse,5,326
2021-06-16,A,donald_duck,2,191.75
2021-06-16,C,donald_duck,4,243.73
2021-06-09,D,roadrunner,17,678.94
2021-06-09,D,micky_mouse,8,514.59
2021-06-09,A,micky_mouse,6,409
2021-06-09,A,roadrunner,6,583.25
2021-06-09,A,donald_duck,4,324.5
2021-06-09,C,micky_mouse,6,365.75
2021-06-09,C,roadrunner,20,"1,256"
2021-06-09,C,donald_duck,3,237
2021-06-09,D,tom_jerry,1,15
2021-06-09,D,donald_duck,3,261.78
2021-06-28,D,roadrunner,14,"1,048.08"
2021-06-28,D,micky_mouse,8,441.74
2021-06-28,A,roadrunner,7,609.5
2021-06-28,A,donald_duck,4,291.75
2021-06-28,D,donald_duck,3,133.71
2021-06-28,A,micky_mouse,8,610.5
2021-06-28,D,tom_jerry,4,96
2021-06-28,B,tom_jerry,7,293.35
2021-06-28,C,donald_duck,6,430.48
2021-06-28,C,roadrunner,20,"1,325.25"
2021-06-28,C,micky_mouse,8,531
2021-06-28,B,roadrunner,3,94.25
2021-05-31,C,roadrunner,15,999.5
2021-05-31,A,roadrunner,14,"1,080.50"
2021-05-31,B,tom_jerry,14,636
2021-05-31,D,roadrunner,8,674.48
2021-05-31,C,micky_mouse,11,699.5
2021-05-31,D,micky_mouse,13,788.48
2021-05-31,A,donald_duck,4,356
2021-05-31,C,donald_duck,5,298.5
2021-05-31,A,micky_mouse,9,632.5
2021-05-31,D,donald_duck,1,335.26
2021-05-06,C,micky_mouse,6,330.75
2021-05-06,D,roadrunner,11,798.88
2021-05-06,C,roadrunner,14,742.25
2021-05-06,C,donald_duck,5,303.75
2021-05-06,A,roadrunner,6,507.5
2021-05-06,B,tom_jerry,3,183.75
2021-05-06,D,micky_mouse,6,406.28
2021-05-06,A,micky_mouse,6,483.5
2021-05-28,D,micky_mouse,10,467.02
2021-05-28,D,roadrunner,11,786.63
2021-05-28,D,donald_duck,4,269.45
2021-05-28,A,micky_mouse,7,459
2021-05-28,A,roadrunner,9,790.25
2021-05-28,A,donald_duck,5,365.75
2021-05-28,B,tom_jerry,14,598.05
2021-05-28,C,donald_duck,7,404.69
2021-05-28,C,roadrunner,22,"1,402.75"
2021-05-28,C,micky_mouse,8,508.2
2021-05-28,B,roadrunner,1,21.75
2021-06-20,C,micky_mouse,7,440.5
2021-06-20,C,roadrunner,15,906.25
2021-06-20,D,tom_jerry,6,77
2021-06-20,D,roadrunner,7,459.52
2021-06-20,D,micky_mouse,7,348.19
2021-06-20,C,donald_duck,7,478.5
2021-06-20,A,micky_mouse,7,507.75
2021-06-20,A,roadrunner,6,537.75
2021-05-07,D,micky_mouse,6,440.46
2021-05-07,D,roadrunner,9,653.82
2021-05-07,A,donald_duck,5,418.75
2021-05-07,A,roadrunner,11,972.5
2021-05-07,A,micky_mouse,6,397.75
2021-05-07,B,tom_jerry,3,138.3
2021-05-07,C,donald_duck,7,454.25
2021-05-07,C,micky_mouse,11,587.75
2021-05-07,C,roadrunner,17,"1,101.25"
2021-05-07,D,donald_duck,3,287.27
2021-05-16,D,micky_mouse,6,439.65
2021-05-16,D,donald_duck,3,185.23
2021-05-16,D,roadrunner,8,434.25
2021-05-16,A,micky_mouse,9,645.5
2021-05-16,A,roadrunner,7,512.75
2021-05-16,C,donald_duck,5,296.25
2021-05-16,A,donald_duck,4,290.25
2021-05-16,C,micky_mouse,11,685.5
2021-05-16,C,roadrunner,17,993.25
2021-05-16,B,tom_jerry,9,382.3
2021-05-16,B,roadrunner,2,65.25
2021-05-27,A,micky_mouse,8,613.75
2021-05-27,A,roadrunner,11,950.25
2021-05-27,A,donald_duck,5,370.75
2021-05-27,D,micky_mouse,10,486.36
2021-05-27,D,roadrunner,12,845.47
2021-05-27,B,tom_jerry,19,873.75
2021-05-27,C,donald_duck,5,322.75
2021-05-27,C,roadrunner,13,784.17
2021-05-27,C,micky_mouse,11,746.5
2021-05-27,B,roadrunner,5,152.25
2021-05-27,D,donald_duck,4,239.78
2021-05-08,A,roadrunner,5,405.75
2021-05-08,A,micky_mouse,5,408.75
2021-05-08,D,donald_duck,4,242.41
2021-05-08,D,micky_mouse,4,248.35
2021-05-08,B,tom_jerry,7,347.75
2021-05-08,D,roadrunner,7,375.8
2021-05-08,C,micky_mouse,4,301
2021-05-08,C,roadrunner,12,637.5
2021-05-08,C,donald_duck,4,247.25
2021-06-07,C,donald_duck,8,598
2021-06-07,C,roadrunner,26,"1,593.98"
2021-06-07,D,tom_jerry,2,21.75
2021-06-07,D,micky_mouse,11,616.9
2021-06-07,D,roadrunner,13,820.74
2021-06-07,D,donald_duck,5,337.04
2021-06-07,A,micky_mouse,12,829.5
2021-06-07,A,roadrunner,14,"1,272.25"
2021-06-07,A,donald_duck,6,464
2021-06-07,C,micky_mouse,14,993.45
2021-06-22,D,roadrunner,18,"1,006.19"
2021-06-22,A,roadrunner,9,917.75
2021-06-22,D,micky_mouse,8,430.54
2021-06-22,A,donald_duck,4,330.75
2021-06-22,A,micky_mouse,6,409.5
2021-06-22,B,tom_jerry,4,223.25
2021-06-22,C,roadrunner,16,"1,000"
2021-06-22,C,donald_duck,4,313
2021-06-22,C,micky_mouse,9,595.75
2021-06-22,D,tom_jerry,5,66.75
2021-06-03,D,roadrunner,11,733.91
2021-06-03,C,micky_mouse,8,553.75
2021-06-03,C,roadrunner,11,736
2021-06-03,D,donald_duck,3,219.27
2021-06-03,B,tom_jerry,13,647.35
2021-06-03,C,donald_duck,5,313.25
2021-06-03,D,micky_mouse,7,324.02
2021-06-03,A,roadrunner,7,550
2021-06-03,A,micky_mouse,6,459
2021-06-03,A,donald_duck,6,512.75
2021-05-23,D,donald_duck,2,141.51
2021-05-23,D,micky_mouse,11,580.13
2021-05-23,A,donald_duck,6,381.25
2021-05-23,A,micky_mouse,11,735.75
2021-05-23,D,roadrunner,10,479.97
2021-05-23,B,tom_jerry,17,687.75
2021-05-23,C,roadrunner,12,758.75
2021-05-23,C,micky_mouse,7,410.5
2021-05-23,C,donald_duck,5,310.5
2021-05-23,B,roadrunner,2,79.75
2021-06-12,D,roadrunner,10,607.42
2021-06-12,D,tom_jerry,3,50
2021-06-12,D,micky_mouse,5,287.88
2021-06-12,A,donald_duck,3,208.5
2021-06-12,A,roadrunner,5,362
2021-06-12,A,micky_mouse,4,287
2021-06-12,C,micky_mouse,5,299.5
2021-06-12,C,roadrunner,10,555.5
2021-06-12,C,donald_duck,5,341
2021-05-21,A,donald_duck,3,262.25
2021-05-21,A,micky_mouse,10,673.75
2021-05-21,A,roadrunner,5,425.5
2021-05-21,D,roadrunner,16,952.23
2021-05-21,D,micky_mouse,7,435.28
2021-05-21,B,tom_jerry,7,258.5
2021-05-21,C,roadrunner,12,748.25
2021-05-21,C,micky_mouse,4,238.25
2021-05-21,C,donald_duck,3,204.25
2021-05-21,B,roadrunner,2,58
2021-05-21,D,donald_duck,6,265.81
2021-06-14,C,roadrunner,19,"1,279.75"
2021-06-14,C,micky_mouse,9,567.75
2021-06-14,C,donald_duck,10,687.75
2021-06-14,D,tom_jerry,2,29.75
2021-06-14,D,roadrunner,12,756.78
2021-06-14,D,micky_mouse,8,444.26
2021-06-14,D,donald_duck,5,454.42
2021-06-14,A,roadrunner,13,"1,047.75"
2021-06-14,A,donald_duck,5,344
2021-06-14,A,micky_mouse,6,436.5
2021-06-24,D,roadrunner,8,561.35
2021-06-24,D,micky_mouse,6,332.6
2021-06-24,A,donald_duck,4,306.75
2021-06-24,A,micky_mouse,7,467.25
2021-06-24,A,roadrunner,8,619.5
2021-06-24,B,tom_jerry,8,346.6
2021-06-24,D,donald_duck,2,70.81
2021-06-24,C,micky_mouse,7,467.45
2021-06-24,C,roadrunner,12,833.25
2021-06-24,D,tom_jerry,3,38.5
2021-06-24,B,roadrunner,1,29
2021-06-24,C,donald_duck,3,202.5
2021-06-10,D,roadrunner,16,546.29
2021-06-10,D,donald_duck,3,278.48
2021-06-10,C,roadrunner,12,728
2021-06-10,C,micky_mouse,6,394.5
2021-06-10,A,micky_mouse,8,571.5
2021-06-10,A,roadrunner,8,607.25
2021-06-10,A,donald_duck,3,202
2021-06-10,C,donald_duck,4,317.5
2021-06-18,D,roadrunner,10,466.26
2021-06-18,C,roadrunner,19,"1,143.50"
2021-06-18,A,roadrunner,6,495.75
2021-06-18,C,micky_mouse,8,539
2021-06-18,D,micky_mouse,5,185.3
2021-06-18,D,tom_jerry,26,329.5
2021-06-18,C,donald_duck,4,228
2021-06-18,A,donald_duck,4,342
2021-06-18,A,micky_mouse,3,234.5
2021-05-05,A,donald_duck,3,233.75
2021-06-25,A,donald_duck,2,152.75
2021-06-15,D,tom_jerry,2,30.25
2021-06-04,B,tom_jerry,4,140.05
2021-05-18,D,donald_duck,3,334.74
2021-06-06,C,donald_duck,2,181.75
2021-06-06,A,donald_duck,3,214.25
2021-06-06,A,micky_mouse,4,259.75
2021-06-06,A,roadrunner,3,210.75
2021-05-12,A,micky_mouse,7,441.5
2021-05-15,B,roadrunner,0,21.75
2021-05-02,D,donald_duck,3,187.49
2021-05-09,C,donald_duck,2,163.5
2021-05-04,B,roadrunner,1,43.5
2021-05-06,B,roadrunner,1,29
2021-05-06,A,donald_duck,3,221
2021-05-06,D,donald_duck,4,346.79
2021-05-07,B,roadrunner,1,29
2021-05-08,A,donald_duck,1,50.5
2021-05-08,B,roadrunner,1,43.5
2021-06-22,D,donald_duck,2,152.28
2021-06-22,B,roadrunner,1,36.25
2021-05-23,A,roadrunner,6,453.25
2021-06-12,D,donald_duck,2,163.47
2021-06-10,D,micky_mouse,3,146.27
2021-06-18,D,donald_duck,1,97.51
2021-06-25,B,roadrunner,1,43.5
2021-06-11,B,tom_jerry,0,7.25
2021-06-26,C,donald_duck,3,170
2021-05-19,B,roadrunner,1,29
2021-06-10,D,tom_jerry,1,20.75
2021-06-08,B,tom_jerry,0,7.25
2021-06-20,A,donald_duck,2,124.75
2021-06-05,D,tom_jerry,0,3.75
2021-06-20,D,donald_duck,1,49.76
2021-06-02,D,tom_jerry,0,1.38